type,n,deg,ple,T,d,s1,s2,s3,rep,time,branches,root_size,root_gap,root_time,lower,upper,solved,opt,adds,dels
n,100,10,2.9,0,2,12951353,613351,90192581,0,1228,0,1,0,1228,256,259,1,259,27,232
n,100,10,2.9,0,2,12951464,613462,90192692,1,1524,0,1,0,1523,293,297,1,297,23,274
n,100,10,2.9,0,2,12951572,613570,90192800,2,1096,0,1,0,1095,299,301,1,301,37,264
n,100,10,2.9,0,2,12951681,613679,90192909,3,28138,13,88,8,6484,323,331,1,331,24,307
n,100,10,2.9,0,2,12951787,613785,90193015,4,191315,99,87,12,10684,332,344,1,344,20,324
n,100,10,2.9,0,2,12951894,613892,90193122,5,3272,1,43,3,3122,293,298,1,298,26,272
n,100,10,2.9,0,2,12951998,613996,90193226,6,5978,0,1,0,5978,310,323,1,323,24,299
n,100,10,2.9,0,2,12952103,614101,90193331,7,1390,0,1,0,1390,285,288,1,288,24,264
n,100,10,2.9,0,2,12952205,614203,90193433,8,5344,0,1,0,5344,309,318,1,318,28,290
n,100,10,2.9,0,2,12952308,614306,90193536,9,1351,0,1,0,1351,284,289,1,289,16,273
n,110,10,2.9,0,2,12952408,614406,90193636,0,2581,0,1,0,2581,289,296,1,296,25,271
n,110,10,2.9,0,2,12952509,614507,90193737,1,48828,23,98,7,8086,333,342,1,342,25,317
n,110,10,2.9,0,2,12952611,614609,90193839,2,73782,64,95,7,8925,329,338,1,338,33,305
n,110,10,2.9,0,2,12952714,614712,90193942,3,1876,0,1,0,1876,308,312,1,312,32,280
n,110,10,2.9,0,2,12952810,614808,90194038,4,2653,0,1,0,2653,312,315,1,315,17,298
n,110,10,2.9,0,2,12952907,614905,90194135,5,4711,4,52,4,4193,326,333,1,333,25,308
n,110,10,2.9,0,2,12953005,615003,90194233,6,1383,0,1,0,1383,340,343,1,343,31,312
n,110,10,2.9,0,2,12953104,615102,90194332,7,36222,34,84,7,6747,310,319,1,319,42,277
n,110,10,2.9,0,2,12953212,615210,90194440,8,11482,2,86,6,5597,324,334,1,334,42,292
n,110,10,2.9,0,2,12953321,615319,90194549,9,17424,0,1,0,17423,344,353,1,353,18,335
n,120,10,2.9,0,2,12953435,615433,90194663,0,72656,23,107,10,13958,382,393,1,393,41,352
n,120,10,2.9,0,2,12953550,615548,90194778,1,359363,188,110,9,8874,375,383,1,383,38,345
n,120,10,2.9,0,2,12953662,615660,90194890,2,4492,0,1,0,4492,354,359,1,359,45,314
n,120,10,2.9,0,2,12953775,615773,90195003,3,855,0,1,0,855,358,358,1,358,37,321
n,120,10,2.9,0,2,12953893,615891,90195121,4,34721,9,99,8,10075,369,377,1,377,21,356
n,120,10,2.9,0,2,12954012,616010,90195240,5,1941,0,1,0,1941,387,393,1,393,44,349
n,120,10,2.9,0,2,12954128,616126,90195356,6,3525,0,1,0,3525,326,331,1,331,37,294
n,120,10,2.9,0,2,12954245,616243,90195473,7,61272,4,99,7,31465,390,399,1,399,33,366
n,120,10,2.9,0,2,12954367,616365,90195595,8,33004,45,94,9,10793,338,348,1,348,31,317
n,120,10,2.9,0,2,12954490,616488,90195718,9,10422,0,1,0,10422,350,356,1,356,27,329
n,130,10,2.9,0,2,12954626,616624,90195854,0,1705,0,1,0,1705,358,362,1,362,42,320
n,130,10,2.9,0,2,12954763,616761,90195991,1,8797,0,1,0,8797,384,390,1,390,22,368
n,130,10,2.9,0,2,12954901,616899,90196129,2,92415,47,116,11,10685,390,401,1,401,48,353
n,130,10,2.9,0,2,12955040,617038,90196268,3,98110,32,112,11,10567,404,414,1,414,54,360
n,130,10,2.9,0,2,12955180,617178,90196408,4,3067,0,1,0,3067,373,377,1,377,42,335
n,130,10,2.9,0,2,12955321,617319,90196549,5,49203,23,97,7,9575,409,417,1,417,46,371
n,130,10,2.9,0,2,12955463,617461,90196691,6,6033,0,1,0,6032,398,403,1,403,42,361
n,130,10,2.9,0,2,12955606,617604,90196834,7,7342,0,1,0,7342,398,405,1,405,39,366
n,130,10,2.9,0,2,12955734,617732,90196962,8,94200,54,118,8,16507,414,420,1,420,34,386
n,130,10,2.9,0,2,12955863,617861,90197091,9,41802,20,102,7,9527,378,386,1,386,35,351
n,140,10,2.9,0,2,12955997,617995,90197225,0,4972,0,1,0,4972,438,446,1,446,35,411
n,140,10,2.9,0,2,12956132,618130,90197360,1,44214,12,126,6,11395,438,443,1,443,27,416
n,140,10,2.9,0,2,12956264,618262,90197492,2,392550,125,129,11,12083,460,470,1,470,48,422
n,140,10,2.9,0,2,12956397,618395,90197625,3,6709,0,1,0,6709,396,407,1,407,54,353
n,140,10,2.9,0,2,12956527,618525,90197755,4,418207,231,133,10,8125,412,422,1,422,50,372
n,140,10,2.9,0,2,12956658,618656,90197886,5,899940,309,122,14,15564,485,496,1,496,56,440
n,140,10,2.9,0,2,12956786,618784,90198014,6,3600095,1501,124,17,9350,450,472,0,1000000000,9035,0
n,140,10,2.9,0,2,12956915,618913,90198143,7,1272,0,1,0,1272,358,360,1,360,50,310
n,140,10,2.9,0,2,12957057,619055,90198285,8,2639,0,1,0,2639,404,409,1,409,44,365
n,140,10,2.9,0,2,12957200,619198,90198428,9,285825,204,132,11,5941,388,396,1,396,42,354
n,150,10,2.9,0,2,12957356,619354,90198584,0,6129,0,1,0,6129,455,463,1,463,32,431
n,150,10,2.9,0,2,12957513,619511,90198741,1,109758,30,137,9,16500,473,485,1,485,45,440
n,150,10,2.9,0,2,12957671,619669,90198899,2,7860,0,1,0,7860,417,424,1,424,28,396
n,150,10,2.9,0,2,12957830,619828,90199058,3,22884,13,114,6,10879,413,418,1,418,43,375
n,150,10,2.9,0,2,12957982,619980,90199210,4,2128,0,1,0,2128,448,451,1,451,32,419
n,150,10,2.9,0,2,12958135,620133,90199363,5,177031,55,135,12,17269,474,485,1,485,50,435
n,150,10,2.9,0,2,12958289,620287,90199517,6,399536,101,126,9,44754,463,476,1,476,42,434
n,150,10,2.9,0,2,12958444,620442,90199672,7,103267,47,132,7,10190,441,450,1,450,52,398
n,150,10,2.9,0,2,12958592,620590,90199820,8,44477,28,111,5,28244,475,484,1,484,38,446
n,150,10,2.9,0,2,12958741,620739,90199969,9,22001,2,30,2,21919,490,502,1,502,34,468
n,160,10,2.9,0,2,12958911,620909,90200139,0,9319,1,23,1,9310,486,492,1,492,43,449
n,160,10,2.9,0,2,12959082,621080,90200310,1,79102,4,30,2,78742,506,515,1,515,35,480
n,160,10,2.9,0,2,12959250,621248,90200478,2,2864,0,1,0,2864,495,497,1,497,44,453
n,160,10,2.9,0,2,12959419,621417,90200647,3,2380,4,40,2,2291,435,439,1,439,58,381
n,160,10,2.9,0,2,12959593,621591,90200821,4,76604,18,138,10,17786,493,501,1,501,44,457
n,160,10,2.9,0,2,12959768,621766,90200996,5,46043,14,123,10,19994,470,478,1,478,48,430
n,160,10,2.9,0,2,12959940,621938,90201168,6,241318,58,144,11,19235,475,486,1,486,29,457
n,160,10,2.9,0,2,12960113,622111,90201341,7,28100,39,110,8,6466,464,471,1,471,65,406
n,160,10,2.9,0,2,12960275,622273,90201503,8,35560,10,129,6,14824,466,472,1,472,46,426
n,160,10,2.9,0,2,12960438,622436,90201666,9,631658,203,145,13,14547,480,491,1,491,47,444
n,170,10,2.9,0,2,12960598,622596,90201826,0,191838,29,145,9,37197,554,568,1,568,39,529
n,170,10,2.9,0,2,12960759,622757,90201987,1,26951,14,132,5,11203,500,505,1,505,43,462
n,170,10,2.9,0,2,12960921,622919,90202149,2,6144,0,1,0,6144,477,482,1,482,46,436
n,170,10,2.9,0,2,12961084,623082,90202312,3,22510,1,65,4,22276,502,509,1,509,40,469
n,170,10,2.9,0,2,12961248,623246,90202476,4,15228,0,1,0,15228,526,533,1,533,45,488
n,170,10,2.9,0,2,12961413,623411,90202641,5,59780,6,134,5,43350,551,561,1,561,41,520
n,170,10,2.9,0,2,12961579,623577,90202807,6,42683,28,141,8,18150,510,517,1,517,61,456
n,170,10,2.9,0,2,12961746,623744,90202974,7,16920,0,1,0,16920,532,539,1,539,41,498
n,170,10,2.9,0,2,12961914,623912,90203142,8,85256,23,145,9,20609,507,517,1,517,36,481
n,170,10,2.9,0,2,12962083,624081,90203311,9,388011,323,150,11,16790,516,524,1,524,53,471
n,180,10,2.9,0,2,12962273,624271,90203501,0,249000,60,148,11,27833,512,524,1,524,66,458
n,180,10,2.9,0,2,12962464,624462,90203692,1,4077,0,1,0,4077,545,549,1,549,73,476
n,180,10,2.9,0,2,12962652,624650,90203880,2,1358410,259,160,12,20041,557,573,1,573,58,515
n,180,10,2.9,0,2,12962841,624839,90204069,3,25657,8,89,5,22998,512,522,1,522,36,486
n,180,10,2.9,0,2,12963027,625025,90204255,4,126278,48,158,9,21391,529,538,1,538,46,492
n,180,10,2.9,0,2,12963214,625212,90204442,5,88833,28,152,7,21211,534,542,1,542,61,481
n,180,10,2.9,0,2,12963398,625396,90204626,6,53277,22,134,8,24632,542,550,1,550,59,491
n,180,10,2.9,0,2,12963583,625581,90204811,7,141440,36,156,10,16449,558,568,1,568,48,520
n,180,10,2.9,0,2,12963765,625763,90204993,8,4536,0,1,0,4536,554,561,1,561,58,503
n,180,10,2.9,0,2,12963948,625946,90205176,9,2461,0,1,0,2461,513,517,1,517,53,464
n,190,10,2.9,0,2,12964128,626126,90205356,0,3600261,406,176,24,28900,652,673,0,1000000000,16984,0
n,190,10,2.9,0,2,12964309,626307,90205537,1,8712,0,1,0,8712,556,561,1,561,58,503
n,190,10,2.9,0,2,12964491,626489,90205719,2,4811,0,1,0,4811,576,581,1,581,58,523
n,190,10,2.9,0,2,12964674,626672,90205902,3,60169,17,88,5,54671,580,590,1,590,76,514
n,190,10,2.9,0,2,12964850,626848,90206078,4,3600107,892,161,14,25889,604,618,0,1000000000,16985,0
n,190,10,2.9,0,2,12965027,627025,90206255,5,8641,0,1,0,8641,574,581,1,581,76,505
n,190,10,2.9,0,2,12965205,627203,90206433,6,186685,117,142,8,20994,540,549,1,549,47,502
n,190,10,2.9,0,2,12965384,627382,90206612,7,13697,0,1,0,13697,597,606,1,606,61,545
n,190,10,2.9,0,2,12965572,627570,90206800,8,8866,4,29,1,8817,544,549,1,549,47,502
n,190,10,2.9,0,2,12965761,627759,90206989,9,116132,47,166,10,15474,538,548,1,548,79,469
n,200,10,2.9,0,2,12965955,627953,90207183,0,3600461,801,180,19,19408,615,633,0,1000000000,18912,0
n,200,10,2.9,0,2,12966150,628148,90207378,1,3600293,666,181,18,22511,646,663,0,1000000000,18869,0
n,200,10,2.9,0,2,12966342,628340,90207570,2,21741,0,1,0,21741,614,624,1,624,40,584
n,200,10,2.9,0,2,12966535,628533,90207763,3,81317,6,174,7,37418,611,618,1,618,62,556
n,200,10,2.9,0,2,12966733,628731,90207961,4,3600576,901,171,16,18450,595,611,0,1000000000,18951,0
n,200,10,2.9,0,2,12966932,628930,90208160,5,114939,26,157,9,37871,584,599,1,599,52,547
n,200,10,2.9,0,2,12967128,629126,90208356,6,1097685,271,178,11,42678,619,630,1,630,54,576
n,200,10,2.9,0,2,12967325,629323,90208553,7,1606284,580,182,14,22153,582,593,1,593,61,532
n,200,10,2.9,0,2,12967527,629525,90208755,8,8844,7,53,5,8275,640,645,1,645,60,585
n,200,10,2.9,0,2,12967730,629728,90208958,9,102224,12,160,7,35111,579,590,1,590,45,545
grid,150,7,2.9,0,2,12967875,629873,90209103,0,1364,0,1,0,1364,304,309,1,309,22,287
grid,150,7,2.9,0,2,12968019,630017,90209247,1,1443,0,1,0,1443,310,314,1,314,24,290
grid,150,7,2.9,0,2,12968166,630164,90209394,2,12528,9,108,6,6630,292,299,1,299,29,270
grid,150,7,2.9,0,2,12968312,630310,90209540,3,4518,0,1,0,4518,261,267,1,267,27,240
grid,150,7,2.9,0,2,12968461,630459,90209689,4,10054,10,77,5,6582,288,296,1,297,25,272
grid,150,7,2.9,0,2,12968609,630607,90209837,5,1927,0,1,0,1927,345,349,1,349,39,310
grid,150,7,2.9,0,2,12968760,630758,90209988,6,6129,5,91,3,4576,284,292,1,292,40,252
grid,150,7,2.9,0,2,12968910,630908,90210138,7,29629,25,102,6,10750,319,326,1,326,35,291
grid,150,7,2.9,0,2,12969063,631061,90210291,8,2204,0,1,0,2204,326,329,1,329,32,297
grid,150,7,2.9,0,2,12969215,631213,90210443,9,1887,0,1,0,1887,284,288,1,288,24,264
grid,150,7,2.9,0.2,2,12969360,631358,90210588,0,10819,0,1,0,10819,313,320,1,320,30,290
grid,150,7,2.9,0.2,2,12969504,631502,90210732,1,1825,1,30,3,1723,284,290,1,290,36,254
grid,150,7,2.9,0.2,2,12969651,631649,90210879,2,2005,0,1,0,2005,328,331,1,331,21,310
grid,150,7,2.9,0.2,2,12969797,631795,90211025,3,537484,784,127,13,7871,336,348,1,348,23,325
grid,150,7,2.9,0.2,2,12969946,631944,90211174,4,73159,36,130,11,12337,335,343,1,343,17,326
grid,150,7,2.9,0.2,2,12970094,632092,90211322,5,26224,49,117,10,6353,289,295,1,295,38,257
grid,150,7,2.9,0.2,2,12970245,632243,90211473,6,1757,0,1,0,1757,344,348,1,348,29,319
grid,150,7,2.9,0.2,2,12970395,632393,90211623,7,1019,0,1,0,1019,284,286,1,286,35,251
grid,150,7,2.9,0.2,2,12970548,632546,90211776,8,1742,0,1,0,1742,294,298,1,298,26,272
grid,150,7,2.9,0.2,2,12970700,632698,90211928,9,28588,20,115,6,9388,329,336,1,336,35,301
grid,150,7,2.9,0.4,2,12970845,632843,90212073,0,3126,0,1,0,3126,321,324,1,324,21,303
grid,150,7,2.9,0.4,2,12970989,632987,90212217,1,1414,0,1,0,1414,300,303,1,303,28,275
grid,150,7,2.9,0.4,2,12971136,633134,90212364,2,99907,49,134,10,7510,362,371,1,371,40,331
grid,150,7,2.9,0.4,2,12971282,633280,90212510,3,9598,11,74,3,8578,338,344,1,344,40,304
grid,150,7,2.9,0.4,2,12971431,633429,90212659,4,9961,0,1,0,9961,337,346,1,346,32,314
grid,150,7,2.9,0.4,2,12971579,633577,90212807,5,600081,155,126,12,16571,362,377,0,1000000000,10664,0
grid,150,7,2.9,0.4,2,12971730,633728,90212958,6,2044,0,1,0,2044,322,327,1,327,24,303
grid,150,7,2.9,0.4,2,12971880,633878,90213108,7,164145,272,139,10,6181,317,328,1,328,27,301
grid,150,7,2.9,0.4,2,12972033,634031,90213261,8,32270,31,139,6,6441,339,345,1,345,43,302
grid,150,7,2.9,0.4,2,12972185,634183,90213413,9,5802,0,1,0,5802,318,326,1,326,40,286
grid,150,7,2.9,0.6,2,12972330,634328,90213558,0,294208,498,145,8,4106,330,337,1,337,13,324
grid,150,7,2.9,0.6,2,12972474,634472,90213702,1,267237,377,145,10,5102,351,362,1,362,21,341
grid,150,7,2.9,0.6,2,12972621,634619,90213849,2,239713,393,147,10,3755,343,350,1,350,29,321
grid,150,7,2.9,0.6,2,12972767,634765,90213995,3,600108,373,146,11,5959,383,399,0,1000000000,10617,0
grid,150,7,2.9,0.6,2,12972916,634914,90214144,4,600370,346,145,12,8676,390,401,0,1000000000,10608,0
grid,150,7,2.9,0.6,2,12973064,635062,90214292,5,5478,6,44,1,5429,342,349,1,349,33,316
grid,150,7,2.9,0.6,2,12973215,635213,90214443,6,87874,67,148,9,3163,353,360,1,360,28,332
grid,150,7,2.9,0.6,2,12973365,635363,90214593,7,1359,0,1,0,1359,325,328,1,328,18,310
grid,150,7,2.9,0.6,2,12973518,635516,90214746,8,51510,256,138,5,9068,325,332,1,332,25,307
grid,150,7,2.9,0.6,2,12973670,635668,90214898,9,59982,50,138,10,10554,356,362,1,362,29,333
grid,150,7,2.9,0.8,2,12973815,635813,90215043,0,475370,371,145,11,4382,359,370,1,370,16,354
grid,150,7,2.9,0.8,2,12973959,635957,90215187,1,344132,494,141,11,13003,381,389,1,389,27,362
grid,150,7,2.9,0.8,2,12974106,636104,90215334,2,405155,571,147,11,3133,339,347,1,347,20,327
grid,150,7,2.9,0.8,2,12974252,636250,90215480,3,255163,274,146,8,5130,356,364,1,364,25,339
grid,150,7,2.9,0.8,2,12974401,636399,90215629,4,148182,204,149,8,4000,358,365,1,365,21,344
grid,150,7,2.9,0.8,2,12974549,636547,90215777,5,600005,618,148,10,3538,352,361,0,1000000000,10670,0
grid,150,7,2.9,0.8,2,12974700,636698,90215928,6,600005,4203,149,10,4095,348,354,0,1000000000,10654,0
grid,150,7,2.9,0.8,2,12974850,636848,90216078,7,67091,127,146,7,3836,337,343,1,343,22,321
grid,150,7,2.9,0.8,2,12975003,637001,90216231,8,112884,53,141,9,5418,362,371,1,371,17,354
grid,150,7,2.9,0.8,2,12975155,637153,90216383,9,600417,525,148,11,5043,371,385,0,1000000000,10632,0
grid,150,8,2.9,0,2,12975313,637311,90216541,0,1707,0,1,0,1707,351,354,1,354,41,313
grid,150,8,2.9,0,2,12975472,637470,90216700,1,17034,9,86,4,13768,380,386,1,386,41,345
grid,150,8,2.9,0,2,12975628,637626,90216856,2,10643,17,88,3,8585,335,342,1,342,39,303
grid,150,8,2.9,0,2,12975785,637783,90217013,3,3956,0,1,0,3956,382,387,1,387,30,357
grid,150,8,2.9,0,2,12975939,637937,90217167,4,1743,0,1,0,1743,368,371,1,371,38,333
grid,150,8,2.9,0,2,12976094,638092,90217322,5,4990,0,1,0,4990,333,339,1,339,45,294
grid,150,8,2.9,0,2,12976246,638244,90217474,6,1778,0,1,0,1778,328,330,1,330,31,299
grid,150,8,2.9,0,2,12976399,638397,90217627,7,2877,0,1,0,2877,329,333,1,333,43,290
grid,150,8,2.9,0,2,12976549,638547,90217777,8,9113,0,1,0,9113,360,364,1,364,27,337
grid,150,8,2.9,0,2,12976700,638698,90217928,9,1523,0,1,0,1523,366,369,1,369,31,338
grid,150,8,2.9,0.2,2,12976858,638856,90218086,0,1532,0,1,0,1532,344,346,1,346,42,304
grid,150,8,2.9,0.2,2,12977017,639015,90218245,1,197871,121,135,10,12384,383,393,1,393,37,356
grid,150,8,2.9,0.2,2,12977173,639171,90218401,2,32282,24,121,7,7594,348,355,1,355,26,329
grid,150,8,2.9,0.2,2,12977330,639328,90218558,3,5267,0,1,0,5267,349,353,1,353,33,320
grid,150,8,2.9,0.2,2,12977484,639482,90218712,4,1753,0,1,0,1753,351,356,1,356,39,317
grid,150,8,2.9,0.2,2,12977639,639637,90218867,5,14990,20,104,5,5296,344,350,1,350,39,311
grid,150,8,2.9,0.2,2,12977791,639789,90219019,6,12797,7,59,5,11666,369,375,1,375,49,326
grid,150,8,2.9,0.2,2,12977944,639942,90219172,7,6999,0,1,0,6999,358,369,1,369,32,337
grid,150,8,2.9,0.2,2,12978094,640092,90219322,8,600096,411,137,11,7887,369,383,0,1000000000,10575,0
grid,150,8,2.9,0.2,2,12978245,640243,90219473,9,1503,0,1,0,1503,374,377,1,377,40,337
grid,150,8,2.9,0.4,2,12978403,640401,90219631,0,51569,24,132,10,15244,367,373,1,373,17,356
grid,150,8,2.9,0.4,2,12978562,640560,90219790,1,105268,61,140,8,9035,373,380,1,380,29,351
grid,150,8,2.9,0.4,2,12978718,640716,90219946,2,244376,134,139,8,11343,396,406,1,406,35,371
grid,150,8,2.9,0.4,2,12978875,640873,90220103,3,9689,0,1,0,9689,373,381,1,381,26,355
grid,150,8,2.9,0.4,2,12979029,641027,90220257,4,600003,452,144,11,22910,385,394,0,1000000000,10610,0
grid,150,8,2.9,0.4,2,12979184,641182,90220412,5,37440,44,130,8,13899,382,389,1,389,43,346
grid,150,8,2.9,0.4,2,12979336,641334,90220564,6,54359,19,132,6,14083,379,387,1,387,27,360
grid,150,8,2.9,0.4,2,12979489,641487,90220717,7,75827,37,141,9,10346,391,398,1,398,29,369
grid,150,8,2.9,0.4,2,12979639,641637,90220867,8,128208,109,137,10,6862,358,366,1,366,49,317
grid,150,8,2.9,0.4,2,12979790,641788,90221018,9,1280,0,1,0,1280,350,351,1,351,29,322
grid,150,8,2.9,0.6,2,12979948,641946,90221176,0,586889,819,146,9,6373,366,377,1,377,28,349
grid,150,8,2.9,0.6,2,12980107,642105,90221335,1,600013,303,145,12,7910,403,415,0,1000000000,10580,0
grid,150,8,2.9,0.6,2,12980263,642261,90221491,2,600166,439,136,11,10437,379,392,0,1000000000,10584,0
grid,150,8,2.9,0.6,2,12980420,642418,90221648,3,600092,746,145,9,5337,391,398,0,1000000000,10588,0
grid,150,8,2.9,0.6,2,12980574,642572,90221802,4,600015,386,147,16,5469,408,422,0,1000000000,10566,0
grid,150,8,2.9,0.6,2,12980729,642727,90221957,5,600198,384,143,9,11626,387,396,0,1000000000,10577,0
grid,150,8,2.9,0.6,2,12980881,642879,90222109,6,29370,27,128,5,7881,398,406,1,406,41,365
grid,150,8,2.9,0.6,2,12981034,643032,90222262,7,130456,36,149,12,9976,444,455,1,455,35,420
grid,150,8,2.9,0.6,2,12981184,643182,90222412,8,600588,196,144,13,9421,416,431,0,1000000000,10583,0
grid,150,8,2.9,0.6,2,12981335,643333,90222563,9,57663,30,143,7,8473,387,392,1,392,40,352
grid,150,8,2.9,0.8,2,12981493,643491,90222721,0,600177,382,150,13,4368,390,403,0,1000000000,10604,0
grid,150,8,2.9,0.8,2,12981652,643650,90222880,1,600332,364,149,13,5198,397,409,0,1000000000,10610,0
grid,150,8,2.9,0.8,2,12981808,643806,90223036,2,600397,342,148,9,8125,423,438,0,1000000000,10587,0
grid,150,8,2.9,0.8,2,12981965,643963,90223193,3,600078,339,150,17,5421,415,432,0,1000000000,10591,0
grid,150,8,2.9,0.8,2,12982119,644117,90223347,4,600043,421,148,12,5671,401,414,0,1000000000,10586,0
grid,150,8,2.9,0.8,2,12982274,644272,90223502,5,600025,472,148,7,5771,415,425,0,1000000000,10582,0
grid,150,8,2.9,0.8,2,12982426,644424,90223654,6,600190,276,149,14,6289,423,438,0,1000000000,10586,0
grid,150,8,2.9,0.8,2,12982579,644577,90223807,7,361626,319,149,9,3704,377,388,1,388,25,363
grid,150,8,2.9,0.8,2,12982729,644727,90223957,8,600431,307,148,20,5739,435,453,0,1000000000,10545,0
grid,150,8,2.9,0.8,2,12982880,644878,90224108,9,600038,405,147,10,5951,417,424,0,1000000000,10560,0
grid,150,9,2.9,0,2,12983039,645037,90224267,0,154268,130,129,8,14199,418,426,1,426,43,383
grid,150,9,2.9,0,2,12983197,645195,90224425,1,3066,0,1,0,3066,384,387,1,387,14,373
grid,150,9,2.9,0,2,12983354,645352,90224582,2,25904,6,86,5,20243,403,414,1,414,30,384
grid,150,9,2.9,0,2,12983510,645508,90224738,3,14270,0,1,0,14270,412,421,1,421,37,384
grid,150,9,2.9,0,2,12983665,645663,90224893,4,16933,13,92,5,13962,395,403,1,403,28,375
grid,150,9,2.9,0,2,12983819,645817,90225047,5,128406,63,131,7,10163,394,406,1,406,25,381
grid,150,9,2.9,0,2,12983972,645970,90225200,6,20508,26,86,6,13740,385,393,1,393,27,366
grid,150,9,2.9,0,2,12984124,646122,90225352,7,37694,10,116,6,18042,415,427,1,427,38,389
grid,150,9,2.9,0,2,12984275,646273,90225503,8,40959,20,128,7,12756,407,415,1,415,24,391
grid,150,9,2.9,0,2,12984425,646423,90225653,9,600214,194,132,14,8433,445,462,0,1000000000,10472,0
grid,150,9,2.9,0.2,2,12984584,646582,90225812,0,2594,0,1,0,2594,424,427,1,427,48,379
grid,150,9,2.9,0.2,2,12984742,646740,90225970,1,63718,51,132,7,11002,379,384,1,384,39,345
grid,150,9,2.9,0.2,2,12984899,646897,90226127,2,600146,209,137,15,11408,447,463,0,1000000000,10476,0
grid,150,9,2.9,0.2,2,12985055,647053,90226283,3,33824,22,116,5,11210,396,404,1,404,53,351
grid,150,9,2.9,0.2,2,12985210,647208,90226438,4,203394,166,138,12,13279,437,451,1,451,48,403
grid,150,9,2.9,0.2,2,12985364,647362,90226592,5,3130,0,1,0,3130,423,429,1,429,49,380
grid,150,9,2.9,0.2,2,12985517,647515,90226745,6,81322,21,123,8,16036,418,426,1,426,54,372
grid,150,9,2.9,0.2,2,12985669,647667,90226897,7,108046,39,134,9,15554,443,452,1,452,43,409
grid,150,9,2.9,0.2,2,12985820,647818,90227048,8,475526,217,126,13,14773,425,434,1,434,33,401
grid,150,9,2.9,0.2,2,12985970,647968,90227198,9,600665,139,137,14,19386,482,494,0,1000000000,10465,0
grid,150,9,2.9,0.4,2,12986129,648127,90227357,0,7351,0,1,0,7351,402,408,1,408,30,378
grid,150,9,2.9,0.4,2,12986287,648285,90227515,1,600213,154,143,10,15891,451,461,0,1000000000,10523,0
grid,150,9,2.9,0.4,2,12986444,648442,90227672,2,160640,34,139,9,20566,439,449,1,449,28,421
grid,150,9,2.9,0.4,2,12986600,648598,90227828,3,10115,13,75,4,8938,383,388,1,388,35,353
grid,150,9,2.9,0.4,2,12986755,648753,90227983,4,376231,517,134,11,12082,439,452,1,452,48,404
grid,150,9,2.9,0.4,2,12986909,648907,90228137,5,600108,223,139,9,17691,454,464,0,1000000000,10464,0
grid,150,9,2.9,0.4,2,12987062,649060,90228290,6,69155,20,146,8,10041,436,444,1,444,24,420
grid,150,9,2.9,0.4,2,12987214,649212,90228442,7,4580,11,68,3,3938,408,413,1,413,32,381
grid,150,9,2.9,0.4,2,12987365,649363,90228593,8,3256,11,59,2,2910,407,411,1,411,52,359
grid,150,9,2.9,0.4,2,12987515,649513,90228743,9,330007,187,144,9,11420,427,436,1,436,79,357
grid,150,9,2.9,0.6,2,12987674,649672,90228902,0,600137,324,148,12,7015,437,450,0,1000000000,10525,0
grid,150,9,2.9,0.6,2,12987832,649830,90229060,1,600081,244,147,12,6177,451,462,0,1000000000,10504,0
grid,150,9,2.9,0.6,2,12987989,649987,90229217,2,600012,342,150,12,6175,461,473,0,1000000000,10505,0
grid,150,9,2.9,0.6,2,12988145,650143,90229373,3,600290,269,150,11,7310,482,493,0,1000000000,10465,0
grid,150,9,2.9,0.6,2,12988300,650298,90229528,4,61185,11,147,13,9778,479,486,1,486,43,443
grid,150,9,2.9,0.6,2,12988454,650452,90229682,5,425009,160,149,10,7097,454,463,1,463,28,435
grid,150,9,2.9,0.6,2,12988607,650605,90229835,6,267343,172,150,9,5950,445,454,1,454,46,408
grid,150,9,2.9,0.6,2,12988759,650757,90229987,7,600281,311,149,8,9295,487,494,0,1000000000,10442,0
grid,150,9,2.9,0.6,2,12988910,650908,90230138,8,600416,987,150,12,6061,435,447,0,1000000000,10508,0
grid,150,9,2.9,0.6,2,12989060,651058,90230288,9,600134,154,148,15,7067,474,487,0,1000000000,10499,0
grid,150,9,2.9,0.8,2,12989219,651217,90230447,0,600548,263,149,11,8000,485,498,0,1000000000,10486,0
grid,150,9,2.9,0.8,2,12989377,651375,90230605,1,600070,238,147,19,6239,459,479,0,1000000000,10518,0
grid,150,9,2.9,0.8,2,12989534,651532,90230762,2,600133,301,150,12,5197,452,464,0,1000000000,10522,0
grid,150,9,2.9,0.8,2,12989690,651688,90230918,3,112009,70,148,9,7691,454,461,1,461,37,424
grid,150,9,2.9,0.8,2,12989845,651843,90231073,4,600094,373,150,12,5967,430,442,0,1000000000,10549,0
grid,150,9,2.9,0.8,2,12989999,651997,90231227,5,600331,186,149,13,8596,510,524,0,1000000000,10464,0
grid,150,9,2.9,0.8,2,12990152,652150,90231380,6,600202,311,149,15,4286,463,473,0,1000000000,10506,0
grid,150,9,2.9,0.8,2,12990304,652302,90231532,7,600799,231,144,17,11771,485,501,0,1000000000,10497,0
grid,150,9,2.9,0.8,2,12990455,652453,90231683,8,600405,238,149,12,8057,505,519,0,1000000000,10473,0
grid,150,9,2.9,0.8,2,12990605,652603,90231833,9,600012,295,149,9,5977,482,494,0,1000000000,10486,0
grid,150,10,2.9,0,2,12990761,652759,90231989,0,22385,0,1,0,22385,493,503,1,503,39,464
grid,150,10,2.9,0,2,12990918,652916,90232146,1,2782,0,1,0,2782,439,443,1,443,62,381
grid,150,10,2.9,0,2,12991076,653074,90232304,2,38777,18,134,6,12587,434,439,1,439,52,387
grid,150,10,2.9,0,2,12991235,653233,90232463,3,10348,9,53,3,9661,418,424,1,424,45,379
grid,150,10,2.9,0,2,12991387,653385,90232615,4,1425,0,1,0,1425,419,423,1,423,59,364
grid,150,10,2.9,0,2,12991540,653538,90232768,5,301782,126,132,11,18890,464,477,1,477,33,444
grid,150,10,2.9,0,2,12991694,653692,90232922,6,600143,62,130,16,31079,507,526,0,1000000000,10430,0
grid,150,10,2.9,0,2,12991849,653847,90233077,7,600011,226,133,13,23383,472,486,0,1000000000,10442,0
grid,150,10,2.9,0,2,12991997,653995,90233225,8,3595,0,1,0,3595,437,443,1,443,29,414
grid,150,10,2.9,0,2,12992146,654144,90233374,9,11201,0,1,0,11201,509,518,1,518,50,468
grid,150,10,2.9,0.2,2,12992302,654300,90233530,0,152563,41,132,11,22869,490,504,1,504,31,473
grid,150,10,2.9,0.2,2,12992459,654457,90233687,1,3078,0,1,0,3078,450,457,1,457,36,421
grid,150,10,2.9,0.2,2,12992617,654615,90233845,2,467049,139,137,13,15375,472,482,1,482,43,439
grid,150,10,2.9,0.2,2,12992776,654774,90234004,3,3629,6,42,2,3435,460,464,1,464,30,434
grid,150,10,2.9,0.2,2,12992928,654926,90234156,4,601095,97,138,16,22379,520,533,0,1000000000,10404,0
grid,150,10,2.9,0.2,2,12993081,655079,90234309,5,31280,17,113,7,14328,436,442,1,442,39,403
grid,150,10,2.9,0.2,2,12993235,655233,90234463,6,6179,0,1,0,6179,438,444,1,444,41,403
grid,150,10,2.9,0.2,2,12993390,655388,90234618,7,600068,94,135,13,28736,506,520,0,1000000000,10414,0
grid,150,10,2.9,0.2,2,12993538,655536,90234766,8,3292,0,1,0,3292,495,500,1,500,41,459
grid,150,10,2.9,0.2,2,12993687,655685,90234915,9,186179,57,141,11,16641,476,488,1,488,35,453
grid,150,10,2.9,0.4,2,12993843,655841,90235071,0,210843,75,146,11,10084,471,483,1,483,45,438
grid,150,10,2.9,0.4,2,12994000,655998,90235228,1,143148,19,147,9,15516,497,508,1,508,40,468
grid,150,10,2.9,0.4,2,12994158,656156,90235386,2,94219,36,144,8,13865,507,515,1,515,65,450
grid,150,10,2.9,0.4,2,12994317,656315,90235545,3,600084,300,147,11,7149,477,487,0,1000000000,10411,0
grid,150,10,2.9,0.4,2,12994469,656467,90235697,4,600442,172,148,15,9460,468,480,0,1000000000,10449,0
grid,150,10,2.9,0.4,2,12994622,656620,90235850,5,277925,41,144,13,12146,506,519,1,519,47,472
grid,150,10,2.9,0.4,2,12994776,656774,90236004,6,600325,303,147,16,7206,466,480,0,1000000000,10438,0
grid,150,10,2.9,0.4,2,12994931,656929,90236159,7,1654,0,1,0,1654,445,448,1,448,50,398
grid,150,10,2.9,0.4,2,12995079,657077,90236307,8,161142,58,140,10,10791,447,456,1,456,32,424
grid,150,10,2.9,0.4,2,12995228,657226,90236456,9,352963,73,134,12,12457,510,525,1,525,42,483
grid,150,10,2.9,0.6,2,12995384,657382,90236612,0,600733,125,148,15,12528,543,562,0,1000000000,10382,0
grid,150,10,2.9,0.6,2,12995541,657539,90236769,1,600581,241,150,11,15818,545,554,0,1000000000,10382,0
grid,150,10,2.9,0.6,2,12995699,657697,90236927,2,600365,140,147,13,10098,487,500,0,1000000000,10454,0
grid,150,10,2.9,0.6,2,12995858,657856,90237086,3,600196,208,150,18,6126,510,528,0,1000000000,10430,0
grid,150,10,2.9,0.6,2,12996010,658008,90237238,4,600257,207,148,19,9185,538,555,0,1000000000,10400,0
grid,150,10,2.9,0.6,2,12996163,658161,90237391,5,600603,113,148,18,8506,523,545,0,1000000000,10433,0
grid,150,10,2.9,0.6,2,12996317,658315,90237545,6,600120,224,150,16,8421,515,531,0,1000000000,10419,0
grid,150,10,2.9,0.6,2,12996472,658470,90237700,7,600005,283,150,12,6620,492,504,0,1000000000,10446,0
grid,150,10,2.9,0.6,2,12996620,658618,90237848,8,207735,85,149,9,8164,491,499,1,499,49,450
grid,150,10,2.9,0.6,2,12996769,658767,90237997,9,601168,212,149,10,7679,484,498,0,1000000000,10459,0
grid,150,10,2.9,0.8,2,12996925,658923,90238153,0,600093,176,150,18,10202,552,570,0,1000000000,10407,0
grid,150,10,2.9,0.8,2,12997082,659080,90238310,1,600105,317,148,12,8204,490,503,0,1000000000,10441,0
grid,150,10,2.9,0.8,2,12997240,659238,90238468,2,600136,211,150,14,7830,559,573,0,1000000000,10396,0
grid,150,10,2.9,0.8,2,12997399,659397,90238627,3,600877,210,150,18,7608,536,554,0,1000000000,10398,0
grid,150,10,2.9,0.8,2,12997551,659549,90238779,4,601240,156,149,13,12452,517,531,0,1000000000,10455,0
grid,150,10,2.9,0.8,2,12997704,659702,90238932,5,600306,186,150,14,8722,550,564,0,1000000000,10396,0
grid,150,10,2.9,0.8,2,12997858,659856,90239086,6,600296,171,150,16,9302,578,594,0,1000000000,10346,0
grid,150,10,2.9,0.8,2,12998013,660011,90239241,7,600958,229,150,12,10619,575,587,0,1000000000,10338,0
grid,150,10,2.9,0.8,2,12998161,660159,90239389,8,600652,269,150,11,8841,503,514,0,1000000000,10442,0
grid,150,10,2.9,0.8,2,12998310,660308,90239538,9,600229,124,150,14,9463,539,553,0,1000000000,10413,0
grid,150,11,2.9,0,2,12998467,660465,90239695,0,600678,123,138,14,15292,544,559,0,1000000000,10296,0
grid,150,11,2.9,0,2,12998623,660621,90239851,1,208903,23,136,9,31302,525,536,1,536,44,492
grid,150,11,2.9,0,2,12998782,660780,90240010,2,158526,100,118,9,19055,459,467,1,467,36,431
grid,150,11,2.9,0,2,12998940,660938,90240168,3,26359,4,113,7,16479,533,538,1,538,60,478
grid,150,11,2.9,0,2,12999093,661091,90240321,4,600757,88,128,17,32201,564,585,0,1000000000,10348,0
grid,150,11,2.9,0,2,12999245,661243,90240473,5,600305,114,138,13,11363,522,537,0,1000000000,10346,0
grid,150,11,2.9,0,2,12999400,661398,90240628,6,390698,94,139,13,23448,529,540,1,540,31,509
grid,150,11,2.9,0,2,12999554,661552,90240782,7,4893,0,1,0,4893,492,496,1,496,41,455
grid,150,11,2.9,0,2,12999703,661701,90240931,8,73754,14,120,9,31787,510,518,1,518,55,463
grid,150,11,2.9,0,2,12999851,661849,90241079,9,56803,21,110,6,28869,521,533,1,533,55,478
grid,150,11,2.9,0.2,2,13000008,662006,90241236,0,188176,225,135,10,14050,461,471,1,471,38,433
grid,150,11,2.9,0.2,2,13000164,662162,90241392,1,131181,69,125,10,17744,472,481,1,481,49,432
grid,150,11,2.9,0.2,2,13000323,662321,90241551,2,600643,122,140,14,14677,522,536,0,1000000000,10385,0
grid,150,11,2.9,0.2,2,13000481,662479,90241709,3,66510,46,130,9,18795,496,504,1,504,56,448
grid,150,11,2.9,0.2,2,13000634,662632,90241862,4,235224,61,130,11,21500,535,548,1,548,52,496
grid,150,11,2.9,0.2,2,13000786,662784,90242014,5,579553,217,133,12,16245,534,544,1,544,55,489
grid,150,11,2.9,0.2,2,13000941,662939,90242169,6,18408,0,1,0,18408,519,527,1,527,62,465
grid,150,11,2.9,0.2,2,13001095,663093,90242323,7,144187,16,143,18,19169,533,547,1,547,41,506
grid,150,11,2.9,0.2,2,13001244,663242,90242472,8,1963,0,1,0,1963,496,501,1,501,60,441
grid,150,11,2.9,0.2,2,13001392,663390,90242620,9,600227,181,141,14,13599,500,511,0,1000000000,10367,0
grid,150,11,2.9,0.4,2,13001549,663547,90242777,0,600019,297,137,13,9579,522,531,0,1000000000,10356,0
grid,150,11,2.9,0.4,2,13001705,663703,90242933,1,600358,134,145,14,13606,527,540,0,1000000000,10339,0
grid,150,11,2.9,0.4,2,13001864,663862,90243092,2,600131,436,143,11,12297,514,525,0,1000000000,10364,0
grid,150,11,2.9,0.4,2,13002022,664020,90243250,3,408310,208,149,11,8845,506,518,1,518,36,482
grid,150,11,2.9,0.4,2,13002175,664173,90243403,4,108820,19,145,9,13151,529,540,1,540,43,497
grid,150,11,2.9,0.4,2,13002327,664325,90243555,5,600380,115,139,14,16340,566,581,0,1000000000,10325,0
grid,150,11,2.9,0.4,2,13002482,664480,90243710,6,600281,95,147,15,12939,567,582,0,1000000000,10328,0
grid,150,11,2.9,0.4,2,13002636,664634,90243864,7,26530,10,120,6,11194,477,483,1,483,47,436
grid,150,11,2.9,0.4,2,13002785,664783,90244013,8,227957,103,147,10,8910,495,506,1,506,46,460
grid,150,11,2.9,0.4,2,13002933,664931,90244161,9,57407,26,139,8,14354,464,473,1,473,51,422
grid,150,11,2.9,0.6,2,13003090,665088,90244318,0,600238,163,147,17,8645,598,613,0,1000000000,10301,0
grid,150,11,2.9,0.6,2,13003246,665244,90244474,1,600409,252,150,18,5939,562,580,0,1000000000,10349,0
grid,150,11,2.9,0.6,2,13003405,665403,90244633,2,601417,152,149,21,13012,593,617,0,1000000000,10320,0
grid,150,11,2.9,0.6,2,13003563,665561,90244791,3,235010,54,148,10,12282,556,563,1,563,37,526
grid,150,11,2.9,0.6,2,13003716,665714,90244944,4,600689,174,149,20,10119,589,605,0,1000000000,10320,0
grid,150,11,2.9,0.6,2,13003868,665866,90245096,5,36368,16,143,7,17446,539,548,1,548,43,505
grid,150,11,2.9,0.6,2,13004023,666021,90245251,6,600281,168,150,21,9207,577,598,0,1000000000,10350,0
grid,150,11,2.9,0.6,2,13004177,666175,90245405,7,600958,144,150,25,8405,600,625,0,1000000000,10315,0
grid,150,11,2.9,0.6,2,13004326,666324,90245554,8,600469,217,149,14,8512,561,578,0,1000000000,10373,0
grid,150,11,2.9,0.6,2,13004474,666472,90245702,9,600297,132,149,14,9548,579,592,0,1000000000,10297,0
grid,150,11,2.9,0.8,2,13004631,666629,90245859,0,601250,185,150,15,7946,578,593,0,1000000000,10355,0
grid,150,11,2.9,0.8,2,13004787,666785,90246015,1,601007,153,150,20,9955,604,624,0,1000000000,10321,0
grid,150,11,2.9,0.8,2,13004946,666944,90246174,2,600901,191,150,20,6512,590,610,0,1000000000,10357,0
grid,150,11,2.9,0.8,2,13005104,667102,90246332,3,600993,177,150,21,8756,587,608,0,1000000000,10353,0
grid,150,11,2.9,0.8,2,13005257,667255,90246485,4,600357,133,149,26,12771,612,635,0,1000000000,10343,0
grid,150,11,2.9,0.8,2,13005409,667407,90246637,5,601143,146,150,16,10908,608,624,0,1000000000,10332,0
grid,150,11,2.9,0.8,2,13005564,667562,90246792,6,600593,185,150,17,10038,594,611,0,1000000000,10343,0
grid,150,11,2.9,0.8,2,13005718,667716,90246946,7,600007,170,149,12,10941,617,627,0,1000000000,10296,0
grid,150,11,2.9,0.8,2,13005867,667865,90247095,8,600827,160,150,21,9622,600,621,0,1000000000,10329,0
grid,150,11,2.9,0.8,2,13006015,668013,90247243,9,600872,224,149,17,7588,550,565,0,1000000000,10402,0
grid,150,12,2.9,0,2,13006169,668167,90247397,0,1853,0,1,0,1853,544,547,1,547,60,487
grid,150,12,2.9,0,2,13006324,668322,90247552,1,1982,0,1,0,1982,523,526,1,526,65,461
grid,150,12,2.9,0,2,13006476,668474,90247704,2,3374,0,1,0,3374,527,531,1,531,54,477
grid,150,12,2.9,0,2,13006629,668627,90247857,3,152974,5,135,11,54939,569,582,1,582,39,543
grid,150,12,2.9,0,2,13006787,668785,90248015,4,141061,14,135,8,54825,582,591,1,591,62,529
grid,150,12,2.9,0,2,13006946,668944,90248174,5,139931,28,131,9,32649,579,590,1,590,61,529
grid,150,12,2.9,0,2,13007102,669100,90248330,6,600631,93,135,21,13415,566,584,0,1000000000,10321,0
grid,150,12,2.9,0,2,13007259,669257,90248487,7,3252,0,1,0,3252,574,578,1,578,80,498
grid,150,12,2.9,0,2,13007405,669403,90248633,8,600801,58,135,16,34234,611,631,0,1000000000,10263,0
grid,150,12,2.9,0,2,13007552,669550,90248780,9,600126,189,140,17,14797,549,563,0,1000000000,10261,0
grid,150,12,2.9,0.2,2,13007706,669704,90248934,0,600146,154,140,13,17064,564,577,0,1000000000,10311,0
grid,150,12,2.9,0.2,2,13007861,669859,90249089,1,600902,73,140,14,35016,588,603,0,1000000000,10293,0
grid,150,12,2.9,0.2,2,13008013,670011,90249241,2,69750,14,137,9,24454,571,583,1,583,56,527
grid,150,12,2.9,0.2,2,13008166,670164,90249394,3,299250,62,140,11,16907,530,542,1,542,67,475
grid,150,12,2.9,0.2,2,13008324,670322,90249552,4,600570,67,141,16,20796,623,633,0,1000000000,10218,0
grid,150,12,2.9,0.2,2,13008483,670481,90249711,5,15722,3,94,5,14333,555,562,1,562,63,499
grid,150,12,2.9,0.2,2,13008639,670637,90249867,6,7669,0,1,0,7669,525,533,1,533,43,490
grid,150,12,2.9,0.2,2,13008796,670794,90250024,7,600412,159,147,13,11381,535,553,0,1000000000,10302,0
grid,150,12,2.9,0.2,2,13008942,670940,90250170,8,60241,10,139,11,14757,545,554,1,554,61,493
grid,150,12,2.9,0.2,2,13009089,671087,90250317,9,237823,51,138,9,23641,566,575,1,575,57,518
grid,150,12,2.9,0.4,2,13009243,671241,90250471,0,28414,16,107,8,19427,570,577,1,577,58,519
grid,150,12,2.9,0.4,2,13009398,671396,90250626,1,600522,66,146,13,13514,604,620,0,1000000000,10286,0
grid,150,12,2.9,0.4,2,13009550,671548,90250778,2,15537,8,95,4,13329,550,557,1,557,44,513
grid,150,12,2.9,0.4,2,13009703,671701,90250931,3,600207,191,150,14,8306,590,604,0,1000000000,10271,0
grid,150,12,2.9,0.4,2,13009861,671859,90251089,4,95396,35,142,11,16282,568,580,1,580,63,517
grid,150,12,2.9,0.4,2,13010020,672018,90251248,5,600707,127,147,16,9484,587,607,0,1000000000,10283,0
grid,150,12,2.9,0.4,2,13010176,672174,90251404,6,600512,93,148,20,10305,627,646,0,1000000000,10239,0
grid,150,12,2.9,0.4,2,13010333,672331,90251561,7,546541,129,148,13,10847,572,585,1,585,43,542
grid,150,12,2.9,0.4,2,13010479,672477,90251707,8,600121,272,150,13,7659,586,599,0,1000000000,10273,0
grid,150,12,2.9,0.4,2,13010626,672624,90251854,9,281435,24,149,12,13367,602,615,1,615,53,562
grid,150,12,2.9,0.6,2,13010780,672778,90252008,0,601032,111,150,30,14138,643,673,0,1000000000,10278,0
grid,150,12,2.9,0.6,2,13010935,672933,90252163,1,600397,126,149,14,9577,610,626,0,1000000000,10285,0
grid,150,12,2.9,0.6,2,13011087,673085,90252315,2,600014,259,150,16,9730,586,602,0,1000000000,10303,0
grid,150,12,2.9,0.6,2,13011240,673238,90252468,3,600145,130,148,15,9316,598,614,0,1000000000,10273,0
grid,150,12,2.9,0.6,2,13011398,673396,90252626,4,600145,137,150,18,9383,620,638,0,1000000000,10274,0
grid,150,12,2.9,0.6,2,13011557,673555,90252785,5,600933,173,150,19,8937,594,613,0,1000000000,10294,0
grid,150,12,2.9,0.6,2,13011713,673711,90252941,6,600097,119,150,16,9123,595,611,0,1000000000,10309,0
grid,150,12,2.9,0.6,2,13011870,673868,90253098,7,600533,159,150,22,8747,628,650,0,1000000000,10280,0
grid,150,12,2.9,0.6,2,13012016,674014,90253244,8,600505,162,150,23,6836,627,650,0,1000000000,10261,0
grid,150,12,2.9,0.6,2,13012163,674161,90253391,9,36606,114,102,9,18734,619,626,1,626,68,558
grid,150,12,2.9,0.8,2,13012317,674315,90253545,0,600048,182,150,12,9963,620,632,0,1000000000,10310,0
grid,150,12,2.9,0.8,2,13012472,674470,90253700,1,601321,152,150,24,11369,642,666,0,1000000000,10266,0
grid,150,12,2.9,0.8,2,13012624,674622,90253852,2,600298,130,150,21,12393,650,671,0,1000000000,10281,0
grid,150,12,2.9,0.8,2,13012777,674775,90254005,3,601184,156,150,15,9786,641,656,0,1000000000,10282,0
grid,150,12,2.9,0.8,2,13012935,674933,90254163,4,600575,107,149,20,9975,679,701,0,1000000000,10217,0
grid,150,12,2.9,0.8,2,13013094,675092,90254322,5,600831,148,150,28,12641,668,696,0,1000000000,10264,0
grid,150,12,2.9,0.8,2,13013250,675248,90254478,6,601545,134,150,24,15138,651,675,0,1000000000,10275,0
grid,150,12,2.9,0.8,2,13013407,675405,90254635,7,600972,134,150,29,9552,666,695,0,1000000000,10265,0
grid,150,12,2.9,0.8,2,13013553,675551,90254781,8,600032,197,150,17,11264,649,666,0,1000000000,10246,0
grid,150,12,2.9,0.8,2,13013700,675698,90254928,9,600796,139,150,15,12051,672,687,0,1000000000,10229,0
grid,150,13,2.9,0,2,13013855,675853,90255083,0,2889,0,1,0,2889,606,612,1,612,63,549
grid,150,13,2.9,0,2,13014009,676007,90255237,1,184700,69,130,13,30922,582,592,1,592,77,515
grid,150,13,2.9,0,2,13014162,676160,90255390,2,600030,246,144,15,13364,559,571,0,1000000000,10260,0
grid,150,13,2.9,0,2,13014314,676312,90255542,3,600002,102,134,17,23008,628,647,0,1000000000,10211,0
grid,150,13,2.9,0,2,13014473,676471,90255701,4,600188,129,141,13,19554,626,636,0,1000000000,10183,0
grid,150,13,2.9,0,2,13014631,676629,90255859,5,172696,22,138,10,29693,611,621,1,621,71,550
grid,150,13,2.9,0,2,13014788,676786,90256016,6,600367,126,134,11,26194,597,610,0,1000000000,10183,0
grid,150,13,2.9,0,2,13014944,676942,90256172,7,600066,162,144,13,11334,583,595,0,1000000000,10214,0
grid,150,13,2.9,0,2,13015091,677089,90256319,8,29433,14,103,7,16079,578,586,1,586,48,538
grid,150,13,2.9,0,2,13015237,677235,90256465,9,600274,120,128,19,19166,628,647,0,1000000000,10217,0
grid,150,13,2.9,0.2,2,13015392,677390,90256620,0,600524,78,143,12,30098,630,642,0,1000000000,10221,0
grid,150,13,2.9,0.2,2,13015546,677544,90256774,1,150534,29,139,11,28317,574,586,1,586,43,543
grid,150,13,2.9,0.2,2,13015699,677697,90256927,2,600015,69,146,17,13764,640,654,0,1000000000,10192,0
grid,150,13,2.9,0.2,2,13015851,677849,90257079,3,133680,30,132,12,45037,587,601,1,601,91,510
grid,150,13,2.9,0.2,2,13016010,678008,90257238,4,25911,6,81,4,24522,578,587,1,587,33,554
grid,150,13,2.9,0.2,2,13016168,678166,90257396,5,600134,80,144,13,23671,642,653,0,1000000000,10179,0
grid,150,13,2.9,0.2,2,13016325,678323,90257553,6,600492,60,140,16,24006,671,692,0,1000000000,10163,0
grid,150,13,2.9,0.2,2,13016481,678479,90257709,7,337764,70,142,15,21968,608,623,1,623,51,572
grid,150,13,2.9,0.2,2,13016628,678626,90257856,8,600010,201,141,18,18233,613,627,0,1000000000,10176,0
grid,150,13,2.9,0.2,2,13016774,678772,90258002,9,17748,0,1,0,17748,653,661,1,661,52,609
grid,150,13,2.9,0.4,2,13016929,678927,90258157,0,600249,219,149,14,11501,600,618,0,1000000000,10215,0
grid,150,13,2.9,0.4,2,13017083,679081,90258311,1,600473,96,148,13,10980,640,655,0,1000000000,10188,0
grid,150,13,2.9,0.4,2,13017236,679234,90258464,2,601217,41,145,21,33025,653,678,0,1000000000,10224,0
grid,150,13,2.9,0.4,2,13017388,679386,90258616,3,600797,103,149,20,9865,613,629,0,1000000000,10253,0
grid,150,13,2.9,0.4,2,13017547,679545,90258775,4,600084,54,148,20,14964,661,684,0,1000000000,10230,0
grid,150,13,2.9,0.4,2,13017705,679703,90258933,5,600511,107,147,18,15647,620,636,0,1000000000,10225,0
grid,150,13,2.9,0.4,2,13017862,679860,90259090,6,601321,80,144,17,19967,677,692,0,1000000000,10207,0
grid,150,13,2.9,0.4,2,13018018,680016,90259246,7,602325,52,150,21,20629,686,707,0,1000000000,10192,0
grid,150,13,2.9,0.4,2,13018165,680163,90259393,8,600485,81,145,16,12979,627,645,0,1000000000,10204,0
grid,150,13,2.9,0.4,2,13018311,680309,90259539,9,600439,120,145,16,12108,617,638,0,1000000000,10211,0
grid,150,13,2.9,0.6,2,13018466,680464,90259694,0,601453,121,150,25,11534,670,695,0,1000000000,10194,0
grid,150,13,2.9,0.6,2,13018620,680618,90259848,1,600032,120,150,15,12605,673,688,0,1000000000,10174,0
grid,150,13,2.9,0.6,2,13018773,680771,90260001,2,601930,96,150,22,12606,664,686,0,1000000000,10191,0
grid,150,13,2.9,0.6,2,13018925,680923,90260153,3,600365,129,150,20,12242,675,695,0,1000000000,10210,0
grid,150,13,2.9,0.6,2,13019084,681082,90260312,4,600137,112,150,21,13359,660,681,0,1000000000,10222,0
grid,150,13,2.9,0.6,2,13019242,681240,90260470,5,600509,72,150,15,19239,692,707,0,1000000000,10178,0
grid,150,13,2.9,0.6,2,13019399,681397,90260627,6,600475,85,150,27,13183,688,715,0,1000000000,10190,0
grid,150,13,2.9,0.6,2,13019555,681553,90260783,7,600362,80,150,20,10865,676,696,0,1000000000,10197,0
grid,150,13,2.9,0.6,2,13019702,681700,90260930,8,600998,93,150,18,15139,687,705,0,1000000000,10170,0
grid,150,13,2.9,0.6,2,13019848,681846,90261076,9,601272,123,150,27,11244,688,715,0,1000000000,10205,0
grid,150,13,2.9,0.8,2,13020003,682001,90261231,0,602142,71,149,23,14532,681,698,0,1000000000,10228,0
grid,150,13,2.9,0.8,2,13020157,682155,90261385,1,601254,113,150,30,15620,715,745,0,1000000000,10203,0
grid,150,13,2.9,0.8,2,13020310,682308,90261538,2,600623,110,150,20,13251,692,712,0,1000000000,10219,0
grid,150,13,2.9,0.8,2,13020462,682460,90261690,3,601883,103,150,34,12912,716,750,0,1000000000,10178,0
grid,150,13,2.9,0.8,2,13020621,682619,90261849,4,600315,108,150,27,14305,709,736,0,1000000000,10208,0
grid,150,13,2.9,0.8,2,13020779,682777,90262007,5,601200,121,150,23,8772,689,712,0,1000000000,10209,0
grid,150,13,2.9,0.8,2,13020936,682934,90262164,6,600176,102,150,16,11517,702,718,0,1000000000,10176,0
grid,150,13,2.9,0.8,2,13021092,683090,90262320,7,600847,114,150,29,13267,705,734,0,1000000000,10201,0
grid,150,13,2.9,0.8,2,13021239,683237,90262467,8,602221,99,150,34,14618,707,741,0,1000000000,10216,0
grid,150,13,2.9,0.8,2,13021385,683383,90262613,9,600105,115,150,19,16412,710,729,0,1000000000,10192,0
